"Type","SKU","Name","Published","Is featured","Visibility in catalog","Short description","Description","Date sale price starts at","Date sale price ends at","Tax status","Tax class","In stock?","Stock","Backorders allowed?","Low stock amount threshold","Sold individually?","Weight (kg)","Length (cm)","Width (cm)","Height (cm)","Allow customer reviews?","Purchase note","Sale price","Regular price","Categories","Tags","Shipping class","Images","Download limit","Download expiry days","Parent","Grouped products","Upsells","Cross-sells","External URL","Button text","Position","Attribute 1 name","Attribute 1 value(s)","Attribute 1 visible","Attribute 2 name","Attribute 2 value(s)","Attribute 2 visible","Attribute 3 name","Attribute 3 value(s)","Attribute 3 visible","Attribute 1 global","Attribute 2 global","Attribute 3 global","Attribute 1 default attribute","Attribute 2 default attribute","Attribute 3 default attribute","Is variant"
"variable","тандор Нова 000001","Нова Ривьера Айс","1","0","visible","Ривьера Айс / 860x2050 / Левое Входные двери с зеркалом","Ривьера Айс / 860x2050 / Левое Входные двери с зеркалом","","","taxable","","instock","","no","","no","","","","9.0","yes","","","28510.00","по конструкции > с зеркалом","","","https://tandoor.ru/upload/resize_cache/iblock/306/hqvgtn4wo8i5sjj7xc921z952rykaay5/440_550_1/2_nova__25_05_2026__04_43_29.jpg,https://tandoor.ru/upload/resize_cache/iblock/6b5/yovtgltdh6j62tgwkl3u9qcbnz6dwtg4/440_550_1/1_nova__25_05_2026__04_43_28.jpg,https://tandoor.ru/upload/resize_cache/iblock/306/hqvgtn4wo8i5sjj7xc921z952rykaay5/440_550_1/2_nova__25_05_2026__04_43_29.webp,https://tandoor.ru/upload/resize_cache/iblock/6b5/yovtgltdh6j62tgwkl3u9qcbnz6dwtg4/440_550_1/1_nova__25_05_2026__04_43_28.webp","","","","","","","","","","pa_цвет","","0","pa_размер","","0","pa_направление","","0","yes","yes","yes","","","",""
"","тандор Нова 000003","Нова Ривьера Айс","1","0","visible","Ривьера Айс / 860x2050 / Левое Входные двери с зеркалом","Ривьера Айс / 860x2050 / Левое Входные двери с зеркалом","","","taxable","","instock","","no","","no","","860x2050","","","yes","","","28510.00","по конструкции > с зеркалом","","","https://tandoor.ru/upload/resize_cache/iblock/306/hqvgtn4wo8i5sjj7xc921z952rykaay5/440_550_1/2_nova__25_05_2026__04_43_29.jpg,https://tandoor.ru/upload/resize_cache/iblock/6b5/yovtgltdh6j62tgwkl3u9qcbnz6dwtg4/440_550_1/1_nova__25_05_2026__04_43_28.jpg,https://tandoor.ru/upload/resize_cache/iblock/306/hqvgtn4wo8i5sjj7xc921z952rykaay5/440_550_1/2_nova__25_05_2026__04_43_29.webp,https://tandoor.ru/upload/resize_cache/iblock/6b5/yovtgltdh6j62tgwkl3u9qcbnz6dwtg4/440_550_1/1_nova__25_05_2026__04_43_28.webp","","","тандор Нова 000001","","","","","","","Цвет","","0","Размер","860x2050","0","Направление","Левая","0","","","","","","","1"
"","тандор Нова 000005","Нова Ривьера Айс","1","0","visible","Ривьера Айс / 860x2050 / Левое Входные двери с зеркалом","Ривьера Айс / 860x2050 / Левое Входные двери с зеркалом","","","taxable","","instock","","no","","no","","860x2050","","","yes","","","28510.00","по конструкции > с зеркалом","","","https://tandoor.ru/upload/resize_cache/iblock/306/hqvgtn4wo8i5sjj7xc921z952rykaay5/440_550_1/2_nova__25_05_2026__04_43_29.jpg,https://tandoor.ru/upload/resize_cache/iblock/6b5/yovtgltdh6j62tgwkl3u9qcbnz6dwtg4/440_550_1/1_nova__25_05_2026__04_43_28.jpg,https://tandoor.ru/upload/resize_cache/iblock/306/hqvgtn4wo8i5sjj7xc921z952rykaay5/440_550_1/2_nova__25_05_2026__04_43_29.webp,https://tandoor.ru/upload/resize_cache/iblock/6b5/yovtgltdh6j62tgwkl3u9qcbnz6dwtg4/440_550_1/1_nova__25_05_2026__04_43_28.webp","","","тандор Нова 000001","","","","","","","Цвет","","0","Размер","860x2050","0","Направление","Правая","0","","","","","","","1"
"","тандор Нова 000007","Нова Ривьера Айс","1","0","visible","Ривьера Айс / 860x2050 / Левое Входные двери с зеркалом","Ривьера Айс / 860x2050 / Левое Входные двери с зеркалом","","","taxable","","instock","","no","","no","","960x2050","","","yes","","","28510.00","по конструкции > с зеркалом","","","https://tandoor.ru/upload/resize_cache/iblock/306/hqvgtn4wo8i5sjj7xc921z952rykaay5/440_550_1/2_nova__25_05_2026__04_43_29.jpg,https://tandoor.ru/upload/resize_cache/iblock/6b5/yovtgltdh6j62tgwkl3u9qcbnz6dwtg4/440_550_1/1_nova__25_05_2026__04_43_28.jpg,https://tandoor.ru/upload/resize_cache/iblock/306/hqvgtn4wo8i5sjj7xc921z952rykaay5/440_550_1/2_nova__25_05_2026__04_43_29.webp,https://tandoor.ru/upload/resize_cache/iblock/6b5/yovtgltdh6j62tgwkl3u9qcbnz6dwtg4/440_550_1/1_nova__25_05_2026__04_43_28.webp","","","тандор Нова 000001","","","","","","","Цвет","","0","Размер","960x2050","0","Направление","Левая","0","","","","","","","1"
"","тандор Нова 000009","Нова Ривьера Айс","1","0","visible","Ривьера Айс / 860x2050 / Левое Входные двери с зеркалом","Ривьера Айс / 860x2050 / Левое Входные двери с зеркалом","","","taxable","","instock","","no","","no","","960x2050","","","yes","","","28510.00","по конструкции > с зеркалом","","","https://tandoor.ru/upload/resize_cache/iblock/306/hqvgtn4wo8i5sjj7xc921z952rykaay5/440_550_1/2_nova__25_05_2026__04_43_29.jpg,https://tandoor.ru/upload/resize_cache/iblock/6b5/yovtgltdh6j62tgwkl3u9qcbnz6dwtg4/440_550_1/1_nova__25_05_2026__04_43_28.jpg,https://tandoor.ru/upload/resize_cache/iblock/306/hqvgtn4wo8i5sjj7xc921z952rykaay5/440_550_1/2_nova__25_05_2026__04_43_29.webp,https://tandoor.ru/upload/resize_cache/iblock/6b5/yovtgltdh6j62tgwkl3u9qcbnz6dwtg4/440_550_1/1_nova__25_05_2026__04_43_28.webp","","","тандор Нова 000001","","","","","","","Цвет","","0","Размер","960x2050","0","Направление","Правая","0","","","","","","","1"
"variable","тандор Нуар 000010","Нуар","1","0","visible","Белый матовый / 850x2030 / Левое Входные двери с зеркалом","Белый матовый / 850x2030 / Левое Входные двери с зеркалом","","","taxable","","instock","","no","","no","","","","9.0","yes","","","43110.00","по конструкции > с зеркалом","","","https://tandoor.ru/upload/resize_cache/iblock/8c3/2cxw5wwg1gy7jauq680pow0pz0cqxksb/440_550_1/2_nuar__25_05_2026__04_49_42.jpg,https://tandoor.ru/upload/resize_cache/iblock/10e/hdm1h9cepykijoa6v1du6np8p4yyulno/440_550_1/1_nuar__25_05_2026__04_49_42.jpg,https://tandoor.ru/upload/resize_cache/iblock/8c3/2cxw5wwg1gy7jauq680pow0pz0cqxksb/440_550_1/2_nuar__25_05_2026__04_49_42.webp,https://tandoor.ru/upload/resize_cache/iblock/10e/hdm1h9cepykijoa6v1du6np8p4yyulno/440_550_1/1_nuar__25_05_2026__04_49_42.webp","","","","","","","","","","pa_цвет","","0","pa_размер","","0","pa_направление","","0","yes","yes","yes","","","",""
"","тандор Нуар 000012","Нуар","1","0","visible","Белый матовый / 850x2030 / Левое Входные двери с зеркалом","Белый матовый / 850x2030 / Левое Входные двери с зеркалом","","","taxable","","instock","","no","","no","","850x2030","","","yes","","","43110.00","по конструкции > с зеркалом","","","https://tandoor.ru/upload/resize_cache/iblock/8c3/2cxw5wwg1gy7jauq680pow0pz0cqxksb/440_550_1/2_nuar__25_05_2026__04_49_42.jpg,https://tandoor.ru/upload/resize_cache/iblock/10e/hdm1h9cepykijoa6v1du6np8p4yyulno/440_550_1/1_nuar__25_05_2026__04_49_42.jpg,https://tandoor.ru/upload/resize_cache/iblock/8c3/2cxw5wwg1gy7jauq680pow0pz0cqxksb/440_550_1/2_nuar__25_05_2026__04_49_42.webp,https://tandoor.ru/upload/resize_cache/iblock/10e/hdm1h9cepykijoa6v1du6np8p4yyulno/440_550_1/1_nuar__25_05_2026__04_49_42.webp","","","тандор Нуар 000010","","","","","","","Цвет","","0","Размер","850x2030","0","Направление","Левая","0","","","","","","","1"
"","тандор Нуар 000014","Нуар","1","0","visible","Белый матовый / 850x2030 / Левое Входные двери с зеркалом","Белый матовый / 850x2030 / Левое Входные двери с зеркалом","","","taxable","","instock","","no","","no","","850x2030","","","yes","","","43110.00","по конструкции > с зеркалом","","","https://tandoor.ru/upload/resize_cache/iblock/8c3/2cxw5wwg1gy7jauq680pow0pz0cqxksb/440_550_1/2_nuar__25_05_2026__04_49_42.jpg,https://tandoor.ru/upload/resize_cache/iblock/10e/hdm1h9cepykijoa6v1du6np8p4yyulno/440_550_1/1_nuar__25_05_2026__04_49_42.jpg,https://tandoor.ru/upload/resize_cache/iblock/8c3/2cxw5wwg1gy7jauq680pow0pz0cqxksb/440_550_1/2_nuar__25_05_2026__04_49_42.webp,https://tandoor.ru/upload/resize_cache/iblock/10e/hdm1h9cepykijoa6v1du6np8p4yyulno/440_550_1/1_nuar__25_05_2026__04_49_42.webp","","","тандор Нуар 000010","","","","","","","Цвет","","0","Размер","850x2030","0","Направление","Правая","0","","","","","","","1"
"","тандор Нуар 000016","Нуар","1","0","visible","Белый матовый / 850x2030 / Левое Входные двери с зеркалом","Белый матовый / 850x2030 / Левое Входные двери с зеркалом","","","taxable","","instock","","no","","no","","950x2030","","","yes","","","43110.00","по конструкции > с зеркалом","","","https://tandoor.ru/upload/resize_cache/iblock/8c3/2cxw5wwg1gy7jauq680pow0pz0cqxksb/440_550_1/2_nuar__25_05_2026__04_49_42.jpg,https://tandoor.ru/upload/resize_cache/iblock/10e/hdm1h9cepykijoa6v1du6np8p4yyulno/440_550_1/1_nuar__25_05_2026__04_49_42.jpg,https://tandoor.ru/upload/resize_cache/iblock/8c3/2cxw5wwg1gy7jauq680pow0pz0cqxksb/440_550_1/2_nuar__25_05_2026__04_49_42.webp,https://tandoor.ru/upload/resize_cache/iblock/10e/hdm1h9cepykijoa6v1du6np8p4yyulno/440_550_1/1_nuar__25_05_2026__04_49_42.webp","","","тандор Нуар 000010","","","","","","","Цвет","","0","Размер","950x2030","0","Направление","Левая","0","","","","","","","1"
"","тандор Нуар 000018","Нуар","1","0","visible","Белый матовый / 850x2030 / Левое Входные двери с зеркалом","Белый матовый / 850x2030 / Левое Входные двери с зеркалом","","","taxable","","instock","","no","","no","","950x2030","","","yes","","","43110.00","по конструкции > с зеркалом","","","https://tandoor.ru/upload/resize_cache/iblock/8c3/2cxw5wwg1gy7jauq680pow0pz0cqxksb/440_550_1/2_nuar__25_05_2026__04_49_42.jpg,https://tandoor.ru/upload/resize_cache/iblock/10e/hdm1h9cepykijoa6v1du6np8p4yyulno/440_550_1/1_nuar__25_05_2026__04_49_42.jpg,https://tandoor.ru/upload/resize_cache/iblock/8c3/2cxw5wwg1gy7jauq680pow0pz0cqxksb/440_550_1/2_nuar__25_05_2026__04_49_42.webp,https://tandoor.ru/upload/resize_cache/iblock/10e/hdm1h9cepykijoa6v1du6np8p4yyulno/440_550_1/1_nuar__25_05_2026__04_49_42.webp","","","тандор Нуар 000010","","","","","","","Цвет","","0","Размер","950x2030","0","Направление","Правая","0","","","","","","","1"
"variable","тандор Марморис 000019","Марморис","1","0","visible","Белый матовый / 850x2030 / Левое Входные двери с зеркалом","Белый матовый / 850x2030 / Левое Входные двери с зеркалом","","","taxable","","instock","","no","","no","","","","10.5","yes","","","59610.00","по конструкции > с зеркалом","","","https://tandoor.ru/upload/resize_cache/iblock/8e7/1oprs7b3xc1acwdc01v82qubwjr7o8ru/440_550_1/2_marmoris__25_05_2026__04_50_18.jpg,https://tandoor.ru/upload/resize_cache/iblock/c37/cfx700erwku1xxye4qhyi0qxigzyeegl/440_550_1/1_marmoris__25_05_2026__04_50_17.jpg,https://tandoor.ru/upload/resize_cache/iblock/8e7/1oprs7b3xc1acwdc01v82qubwjr7o8ru/440_550_1/2_marmoris__25_05_2026__04_50_18.webp,https://tandoor.ru/upload/resize_cache/iblock/c37/cfx700erwku1xxye4qhyi0qxigzyeegl/440_550_1/1_marmoris__25_05_2026__04_50_17.webp","","","","","","","","","","pa_цвет","","0","pa_размер","","0","pa_направление","","0","yes","yes","yes","","","",""
"","тандор Марморис 000021","Марморис","1","0","visible","Белый матовый / 850x2030 / Левое Входные двери с зеркалом","Белый матовый / 850x2030 / Левое Входные двери с зеркалом","","","taxable","","instock","","no","","no","","850x2030","","","yes","","","59610.00","по конструкции > с зеркалом","","","https://tandoor.ru/upload/resize_cache/iblock/8e7/1oprs7b3xc1acwdc01v82qubwjr7o8ru/440_550_1/2_marmoris__25_05_2026__04_50_18.jpg,https://tandoor.ru/upload/resize_cache/iblock/c37/cfx700erwku1xxye4qhyi0qxigzyeegl/440_550_1/1_marmoris__25_05_2026__04_50_17.jpg,https://tandoor.ru/upload/resize_cache/iblock/8e7/1oprs7b3xc1acwdc01v82qubwjr7o8ru/440_550_1/2_marmoris__25_05_2026__04_50_18.webp,https://tandoor.ru/upload/resize_cache/iblock/c37/cfx700erwku1xxye4qhyi0qxigzyeegl/440_550_1/1_marmoris__25_05_2026__04_50_17.webp","","","тандор Марморис 000019","","","","","","","Цвет","","0","Размер","850x2030","0","Направление","Левая","0","","","","","","","1"
"","тандор Марморис 000023","Марморис","1","0","visible","Белый матовый / 850x2030 / Левое Входные двери с зеркалом","Белый матовый / 850x2030 / Левое Входные двери с зеркалом","","","taxable","","instock","","no","","no","","850x2030","","","yes","","","59610.00","по конструкции > с зеркалом","","","https://tandoor.ru/upload/resize_cache/iblock/8e7/1oprs7b3xc1acwdc01v82qubwjr7o8ru/440_550_1/2_marmoris__25_05_2026__04_50_18.jpg,https://tandoor.ru/upload/resize_cache/iblock/c37/cfx700erwku1xxye4qhyi0qxigzyeegl/440_550_1/1_marmoris__25_05_2026__04_50_17.jpg,https://tandoor.ru/upload/resize_cache/iblock/8e7/1oprs7b3xc1acwdc01v82qubwjr7o8ru/440_550_1/2_marmoris__25_05_2026__04_50_18.webp,https://tandoor.ru/upload/resize_cache/iblock/c37/cfx700erwku1xxye4qhyi0qxigzyeegl/440_550_1/1_marmoris__25_05_2026__04_50_17.webp","","","тандор Марморис 000019","","","","","","","Цвет","","0","Размер","850x2030","0","Направление","Правая","0","","","","","","","1"
"","тандор Марморис 000025","Марморис","1","0","visible","Белый матовый / 850x2030 / Левое Входные двери с зеркалом","Белый матовый / 850x2030 / Левое Входные двери с зеркалом","","","taxable","","instock","","no","","no","","950x2030","","","yes","","","59610.00","по конструкции > с зеркалом","","","https://tandoor.ru/upload/resize_cache/iblock/8e7/1oprs7b3xc1acwdc01v82qubwjr7o8ru/440_550_1/2_marmoris__25_05_2026__04_50_18.jpg,https://tandoor.ru/upload/resize_cache/iblock/c37/cfx700erwku1xxye4qhyi0qxigzyeegl/440_550_1/1_marmoris__25_05_2026__04_50_17.jpg,https://tandoor.ru/upload/resize_cache/iblock/8e7/1oprs7b3xc1acwdc01v82qubwjr7o8ru/440_550_1/2_marmoris__25_05_2026__04_50_18.webp,https://tandoor.ru/upload/resize_cache/iblock/c37/cfx700erwku1xxye4qhyi0qxigzyeegl/440_550_1/1_marmoris__25_05_2026__04_50_17.webp","","","тандор Марморис 000019","","","","","","","Цвет","","0","Размер","950x2030","0","Направление","Левая","0","","","","","","","1"
"","тандор Марморис 000027","Марморис","1","0","visible","Белый матовый / 850x2030 / Левое Входные двери с зеркалом","Белый матовый / 850x2030 / Левое Входные двери с зеркалом","","","taxable","","instock","","no","","no","","950x2030","","","yes","","","59610.00","по конструкции > с зеркалом","","","https://tandoor.ru/upload/resize_cache/iblock/8e7/1oprs7b3xc1acwdc01v82qubwjr7o8ru/440_550_1/2_marmoris__25_05_2026__04_50_18.jpg,https://tandoor.ru/upload/resize_cache/iblock/c37/cfx700erwku1xxye4qhyi0qxigzyeegl/440_550_1/1_marmoris__25_05_2026__04_50_17.jpg,https://tandoor.ru/upload/resize_cache/iblock/8e7/1oprs7b3xc1acwdc01v82qubwjr7o8ru/440_550_1/2_marmoris__25_05_2026__04_50_18.webp,https://tandoor.ru/upload/resize_cache/iblock/c37/cfx700erwku1xxye4qhyi0qxigzyeegl/440_550_1/1_marmoris__25_05_2026__04_50_17.webp","","","тандор Марморис 000019","","","","","","","Цвет","","0","Размер","950x2030","0","Направление","Правая","0","","","","","","","1"
"","тандор Марморис 000028","Марморис Белый матовый","1","0","visible","Белый матовый / 850x2030 / Левое Входные двери с зеркалом","Белый матовый / 850x2030 / Левое Входные двери с зеркалом","","","taxable","","instock","","no","","no","","","","","yes","","","4910.00","по конструкции > с зеркалом","","","","","","тандор Марморис 000019","","","","","","","Цвет","","0","Размер","","0","Направление","","0","","","","","","","1"
"variable","тандор Кварц 000029","Кварц","1","0","visible","Белый матовый / 860x2050 / Левое Входные двери с зеркалом","Белый матовый / 860x2050 / Левое Входные двери с зеркалом","","","taxable","","instock","","no","","no","","","","11.4","yes","","","36250.00","по конструкции > с зеркалом","","","https://tandoor.ru/upload/resize_cache/iblock/6bb/hoyhstv2xm7dl3jrm5kpfux4h5ko2yse/440_550_1/2_kvarts__25_05_2026__04_52_39.jpg,https://tandoor.ru/upload/resize_cache/iblock/222/4hwv3oc6s015c1ty86w9eiv4k09al7d0/440_550_1/1_kvarts__25_05_2026__04_52_39.jpg,https://tandoor.ru/upload/resize_cache/iblock/6bb/hoyhstv2xm7dl3jrm5kpfux4h5ko2yse/440_550_1/2_kvarts__25_05_2026__04_52_39.webp,https://tandoor.ru/upload/resize_cache/iblock/222/4hwv3oc6s015c1ty86w9eiv4k09al7d0/440_550_1/1_kvarts__25_05_2026__04_52_39.webp","","","","","","","","","","pa_цвет","","0","pa_размер","","0","pa_направление","","0","yes","yes","yes","","","",""
"","тандор Кварц 000021","Кварц","1","0","visible","Белый матовый / 860x2050 / Левое Входные двери с зеркалом","Белый матовый / 860x2050 / Левое Входные двери с зеркалом","","","taxable","","instock","","no","","no","","860x2050","","","yes","","","36250.00","по конструкции > с зеркалом","","","https://tandoor.ru/upload/resize_cache/iblock/6bb/hoyhstv2xm7dl3jrm5kpfux4h5ko2yse/440_550_1/2_kvarts__25_05_2026__04_52_39.jpg,https://tandoor.ru/upload/resize_cache/iblock/222/4hwv3oc6s015c1ty86w9eiv4k09al7d0/440_550_1/1_kvarts__25_05_2026__04_52_39.jpg,https://tandoor.ru/upload/resize_cache/iblock/6bb/hoyhstv2xm7dl3jrm5kpfux4h5ko2yse/440_550_1/2_kvarts__25_05_2026__04_52_39.webp,https://tandoor.ru/upload/resize_cache/iblock/222/4hwv3oc6s015c1ty86w9eiv4k09al7d0/440_550_1/1_kvarts__25_05_2026__04_52_39.webp","","","тандор Кварц 000029","","","","","","","Цвет","","0","Размер","860x2050","0","Направление","Левая","0","","","","","","","1"
"","тандор Кварц 000023","Кварц","1","0","visible","Белый матовый / 860x2050 / Левое Входные двери с зеркалом","Белый матовый / 860x2050 / Левое Входные двери с зеркалом","","","taxable","","instock","","no","","no","","860x2050","","","yes","","","36250.00","по конструкции > с зеркалом","","","https://tandoor.ru/upload/resize_cache/iblock/6bb/hoyhstv2xm7dl3jrm5kpfux4h5ko2yse/440_550_1/2_kvarts__25_05_2026__04_52_39.jpg,https://tandoor.ru/upload/resize_cache/iblock/222/4hwv3oc6s015c1ty86w9eiv4k09al7d0/440_550_1/1_kvarts__25_05_2026__04_52_39.jpg,https://tandoor.ru/upload/resize_cache/iblock/6bb/hoyhstv2xm7dl3jrm5kpfux4h5ko2yse/440_550_1/2_kvarts__25_05_2026__04_52_39.webp,https://tandoor.ru/upload/resize_cache/iblock/222/4hwv3oc6s015c1ty86w9eiv4k09al7d0/440_550_1/1_kvarts__25_05_2026__04_52_39.webp","","","тандор Кварц 000029","","","","","","","Цвет","","0","Размер","860x2050","0","Направление","Правая","0","","","","","","","1"
"","тандор Кварц 000025","Кварц","1","0","visible","Белый матовый / 860x2050 / Левое Входные двери с зеркалом","Белый матовый / 860x2050 / Левое Входные двери с зеркалом","","","taxable","","instock","","no","","no","","960x2050","","","yes","","","36250.00","по конструкции > с зеркалом","","","https://tandoor.ru/upload/resize_cache/iblock/6bb/hoyhstv2xm7dl3jrm5kpfux4h5ko2yse/440_550_1/2_kvarts__25_05_2026__04_52_39.jpg,https://tandoor.ru/upload/resize_cache/iblock/222/4hwv3oc6s015c1ty86w9eiv4k09al7d0/440_550_1/1_kvarts__25_05_2026__04_52_39.jpg,https://tandoor.ru/upload/resize_cache/iblock/6bb/hoyhstv2xm7dl3jrm5kpfux4h5ko2yse/440_550_1/2_kvarts__25_05_2026__04_52_39.webp,https://tandoor.ru/upload/resize_cache/iblock/222/4hwv3oc6s015c1ty86w9eiv4k09al7d0/440_550_1/1_kvarts__25_05_2026__04_52_39.webp","","","тандор Кварц 000029","","","","","","","Цвет","","0","Размер","960x2050","0","Направление","Левая","0","","","","","","","1"
"","тандор Кварц 000027","Кварц","1","0","visible","Белый матовый / 860x2050 / Левое Входные двери с зеркалом","Белый матовый / 860x2050 / Левое Входные двери с зеркалом","","","taxable","","instock","","no","","no","","960x2050","","","yes","","","36250.00","по конструкции > с зеркалом","","","https://tandoor.ru/upload/resize_cache/iblock/6bb/hoyhstv2xm7dl3jrm5kpfux4h5ko2yse/440_550_1/2_kvarts__25_05_2026__04_52_39.jpg,https://tandoor.ru/upload/resize_cache/iblock/222/4hwv3oc6s015c1ty86w9eiv4k09al7d0/440_550_1/1_kvarts__25_05_2026__04_52_39.jpg,https://tandoor.ru/upload/resize_cache/iblock/6bb/hoyhstv2xm7dl3jrm5kpfux4h5ko2yse/440_550_1/2_kvarts__25_05_2026__04_52_39.webp,https://tandoor.ru/upload/resize_cache/iblock/222/4hwv3oc6s015c1ty86w9eiv4k09al7d0/440_550_1/1_kvarts__25_05_2026__04_52_39.webp","","","тандор Кварц 000029","","","","","","","Цвет","","0","Размер","960x2050","0","Направление","Правая","0","","","","","","","1"
"variable","тандор Стоунвуд 000038","Стоунвуд ноче тертона","1","0","visible","Орех ноче тертона / 850x2030 / Левое Входные двери с зеркалом","Орех ноче тертона / 850x2030 / Левое Входные двери с зеркалом","","","taxable","","instock","","no","","no","","","","10.5","yes","","","57610.00","по конструкции > с зеркалом","","","https://tandoor.ru/upload/resize_cache/iblock/256/b7eftp6lumkkfvejcgmcmr580jhty5fl/440_550_1/2_stoun_vud__25_05_2026__04_56_24.jpg,https://tandoor.ru/upload/resize_cache/iblock/142/jsy6h5gw18db9ehdn3a32eiudho3wa4d/440_550_1/1_stoun_vud__25_05_2026__04_56_24.jpg,https://tandoor.ru/upload/resize_cache/iblock/256/b7eftp6lumkkfvejcgmcmr580jhty5fl/440_550_1/2_stoun_vud__25_05_2026__04_56_24.webp,https://tandoor.ru/upload/resize_cache/iblock/142/jsy6h5gw18db9ehdn3a32eiudho3wa4d/440_550_1/1_stoun_vud__25_05_2026__04_56_24.webp","","","","","","","","","","pa_цвет","","0","pa_размер","","0","pa_направление","","0","yes","yes","yes","","","",""
"","тандор Стоунвуд 000030","Стоунвуд ноче тертона","1","0","visible","Орех ноче тертона / 850x2030 / Левое Входные двери с зеркалом","Орех ноче тертона / 850x2030 / Левое Входные двери с зеркалом","","","taxable","","instock","","no","","no","","850x2030","","","yes","","","57610.00","по конструкции > с зеркалом","","","https://tandoor.ru/upload/resize_cache/iblock/256/b7eftp6lumkkfvejcgmcmr580jhty5fl/440_550_1/2_stoun_vud__25_05_2026__04_56_24.jpg,https://tandoor.ru/upload/resize_cache/iblock/142/jsy6h5gw18db9ehdn3a32eiudho3wa4d/440_550_1/1_stoun_vud__25_05_2026__04_56_24.jpg,https://tandoor.ru/upload/resize_cache/iblock/256/b7eftp6lumkkfvejcgmcmr580jhty5fl/440_550_1/2_stoun_vud__25_05_2026__04_56_24.webp,https://tandoor.ru/upload/resize_cache/iblock/142/jsy6h5gw18db9ehdn3a32eiudho3wa4d/440_550_1/1_stoun_vud__25_05_2026__04_56_24.webp","","","тандор Стоунвуд 000038","","","","","","","Цвет","","0","Размер","850x2030","0","Направление","Левая","0","","","","","","","1"
"","тандор Стоунвуд 000032","Стоунвуд ноче тертона","1","0","visible","Орех ноче тертона / 850x2030 / Левое Входные двери с зеркалом","Орех ноче тертона / 850x2030 / Левое Входные двери с зеркалом","","","taxable","","instock","","no","","no","","850x2030","","","yes","","","57610.00","по конструкции > с зеркалом","","","https://tandoor.ru/upload/resize_cache/iblock/256/b7eftp6lumkkfvejcgmcmr580jhty5fl/440_550_1/2_stoun_vud__25_05_2026__04_56_24.jpg,https://tandoor.ru/upload/resize_cache/iblock/142/jsy6h5gw18db9ehdn3a32eiudho3wa4d/440_550_1/1_stoun_vud__25_05_2026__04_56_24.jpg,https://tandoor.ru/upload/resize_cache/iblock/256/b7eftp6lumkkfvejcgmcmr580jhty5fl/440_550_1/2_stoun_vud__25_05_2026__04_56_24.webp,https://tandoor.ru/upload/resize_cache/iblock/142/jsy6h5gw18db9ehdn3a32eiudho3wa4d/440_550_1/1_stoun_vud__25_05_2026__04_56_24.webp","","","тандор Стоунвуд 000038","","","","","","","Цвет","","0","Размер","850x2030","0","Направление","Правая","0","","","","","","","1"
"","тандор Стоунвуд 000034","Стоунвуд ноче тертона","1","0","visible","Орех ноче тертона / 850x2030 / Левое Входные двери с зеркалом","Орех ноче тертона / 850x2030 / Левое Входные двери с зеркалом","","","taxable","","instock","","no","","no","","950x2030","","","yes","","","57610.00","по конструкции > с зеркалом","","","https://tandoor.ru/upload/resize_cache/iblock/256/b7eftp6lumkkfvejcgmcmr580jhty5fl/440_550_1/2_stoun_vud__25_05_2026__04_56_24.jpg,https://tandoor.ru/upload/resize_cache/iblock/142/jsy6h5gw18db9ehdn3a32eiudho3wa4d/440_550_1/1_stoun_vud__25_05_2026__04_56_24.jpg,https://tandoor.ru/upload/resize_cache/iblock/256/b7eftp6lumkkfvejcgmcmr580jhty5fl/440_550_1/2_stoun_vud__25_05_2026__04_56_24.webp,https://tandoor.ru/upload/resize_cache/iblock/142/jsy6h5gw18db9ehdn3a32eiudho3wa4d/440_550_1/1_stoun_vud__25_05_2026__04_56_24.webp","","","тандор Стоунвуд 000038","","","","","","","Цвет","","0","Размер","950x2030","0","Направление","Левая","0","","","","","","","1"
"","тандор Стоунвуд 000036","Стоунвуд ноче тертона","1","0","visible","Орех ноче тертона / 850x2030 / Левое Входные двери с зеркалом","Орех ноче тертона / 850x2030 / Левое Входные двери с зеркалом","","","taxable","","instock","","no","","no","","950x2030","","","yes","","","57610.00","по конструкции > с зеркалом","","","https://tandoor.ru/upload/resize_cache/iblock/256/b7eftp6lumkkfvejcgmcmr580jhty5fl/440_550_1/2_stoun_vud__25_05_2026__04_56_24.jpg,https://tandoor.ru/upload/resize_cache/iblock/142/jsy6h5gw18db9ehdn3a32eiudho3wa4d/440_550_1/1_stoun_vud__25_05_2026__04_56_24.jpg,https://tandoor.ru/upload/resize_cache/iblock/256/b7eftp6lumkkfvejcgmcmr580jhty5fl/440_550_1/2_stoun_vud__25_05_2026__04_56_24.webp,https://tandoor.ru/upload/resize_cache/iblock/142/jsy6h5gw18db9ehdn3a32eiudho3wa4d/440_550_1/1_stoun_vud__25_05_2026__04_56_24.webp","","","тандор Стоунвуд 000038","","","","","","","Цвет","","0","Размер","950x2030","0","Направление","Правая","0","","","","","","","1"
"variable","тандор Пантеон 000047","Пантеон термо Темно-","1","0","visible","Темно-серый / 860x2050 / Левое Входные двери с зеркалом","Темно-серый / 860x2050 / Левое Входные двери с зеркалом","","","taxable","","instock","","no","","no","","","","11.5","yes","","","","по конструкции > с зеркалом","","","https://tandoor.ru/upload/resize_cache/iblock/385/d77mg9ixgdywzrotuuh7tfznamz5trfg/440_550_1/2_panteon_termo_zerkalo__25_05_2026__04_34_24.jpg,https://tandoor.ru/upload/resize_cache/iblock/f38/q9ndo9i7pokm7jrh6ys3aalyz3izk14e/440_550_1/1_panteon_termo_zerkalo__25_05_2026__04_34_22.jpg,https://tandoor.ru/upload/resize_cache/iblock/385/d77mg9ixgdywzrotuuh7tfznamz5trfg/440_550_1/2_panteon_termo_zerkalo__25_05_2026__04_34_24.webp,https://tandoor.ru/upload/resize_cache/iblock/f38/q9ndo9i7pokm7jrh6ys3aalyz3izk14e/440_550_1/1_panteon_termo_zerkalo__25_05_2026__04_34_22.webp","","","","","","","","","","pa_цвет","","0","pa_размер","","0","pa_направление","","0","yes","yes","yes","","","",""
"","тандор Пантеон 000039","Пантеон термо Темно-","1","0","visible","Темно-серый / 860x2050 / Левое Входные двери с зеркалом","Темно-серый / 860x2050 / Левое Входные двери с зеркалом","","","taxable","","instock","","no","","no","","860x2050","","","yes","","","","по конструкции > с зеркалом","","","https://tandoor.ru/upload/resize_cache/iblock/385/d77mg9ixgdywzrotuuh7tfznamz5trfg/440_550_1/2_panteon_termo_zerkalo__25_05_2026__04_34_24.jpg,https://tandoor.ru/upload/resize_cache/iblock/f38/q9ndo9i7pokm7jrh6ys3aalyz3izk14e/440_550_1/1_panteon_termo_zerkalo__25_05_2026__04_34_22.jpg,https://tandoor.ru/upload/resize_cache/iblock/385/d77mg9ixgdywzrotuuh7tfznamz5trfg/440_550_1/2_panteon_termo_zerkalo__25_05_2026__04_34_24.webp,https://tandoor.ru/upload/resize_cache/iblock/f38/q9ndo9i7pokm7jrh6ys3aalyz3izk14e/440_550_1/1_panteon_termo_zerkalo__25_05_2026__04_34_22.webp","","","тандор Пантеон 000047","","","","","","","Цвет","","0","Размер","860x2050","0","Направление","Левая","0","","","","","","","1"
"","тандор Пантеон 000041","Пантеон термо Темно-","1","0","visible","Темно-серый / 860x2050 / Левое Входные двери с зеркалом","Темно-серый / 860x2050 / Левое Входные двери с зеркалом","","","taxable","","instock","","no","","no","","860x2050","","","yes","","","","по конструкции > с зеркалом","","","https://tandoor.ru/upload/resize_cache/iblock/385/d77mg9ixgdywzrotuuh7tfznamz5trfg/440_550_1/2_panteon_termo_zerkalo__25_05_2026__04_34_24.jpg,https://tandoor.ru/upload/resize_cache/iblock/f38/q9ndo9i7pokm7jrh6ys3aalyz3izk14e/440_550_1/1_panteon_termo_zerkalo__25_05_2026__04_34_22.jpg,https://tandoor.ru/upload/resize_cache/iblock/385/d77mg9ixgdywzrotuuh7tfznamz5trfg/440_550_1/2_panteon_termo_zerkalo__25_05_2026__04_34_24.webp,https://tandoor.ru/upload/resize_cache/iblock/f38/q9ndo9i7pokm7jrh6ys3aalyz3izk14e/440_550_1/1_panteon_termo_zerkalo__25_05_2026__04_34_22.webp","","","тандор Пантеон 000047","","","","","","","Цвет","","0","Размер","860x2050","0","Направление","Правая","0","","","","","","","1"
"","тандор Пантеон 000043","Пантеон термо Темно-","1","0","visible","Темно-серый / 860x2050 / Левое Входные двери с зеркалом","Темно-серый / 860x2050 / Левое Входные двери с зеркалом","","","taxable","","instock","","no","","no","","960x2050","","","yes","","","","по конструкции > с зеркалом","","","https://tandoor.ru/upload/resize_cache/iblock/385/d77mg9ixgdywzrotuuh7tfznamz5trfg/440_550_1/2_panteon_termo_zerkalo__25_05_2026__04_34_24.jpg,https://tandoor.ru/upload/resize_cache/iblock/f38/q9ndo9i7pokm7jrh6ys3aalyz3izk14e/440_550_1/1_panteon_termo_zerkalo__25_05_2026__04_34_22.jpg,https://tandoor.ru/upload/resize_cache/iblock/385/d77mg9ixgdywzrotuuh7tfznamz5trfg/440_550_1/2_panteon_termo_zerkalo__25_05_2026__04_34_24.webp,https://tandoor.ru/upload/resize_cache/iblock/f38/q9ndo9i7pokm7jrh6ys3aalyz3izk14e/440_550_1/1_panteon_termo_zerkalo__25_05_2026__04_34_22.webp","","","тандор Пантеон 000047","","","","","","","Цвет","","0","Размер","960x2050","0","Направление","Левая","0","","","","","","","1"
"","тандор Пантеон 000045","Пантеон термо Темно-","1","0","visible","Темно-серый / 860x2050 / Левое Входные двери с зеркалом","Темно-серый / 860x2050 / Левое Входные двери с зеркалом","","","taxable","","instock","","no","","no","","960x2050","","","yes","","","","по конструкции > с зеркалом","","","https://tandoor.ru/upload/resize_cache/iblock/385/d77mg9ixgdywzrotuuh7tfznamz5trfg/440_550_1/2_panteon_termo_zerkalo__25_05_2026__04_34_24.jpg,https://tandoor.ru/upload/resize_cache/iblock/f38/q9ndo9i7pokm7jrh6ys3aalyz3izk14e/440_550_1/1_panteon_termo_zerkalo__25_05_2026__04_34_22.jpg,https://tandoor.ru/upload/resize_cache/iblock/385/d77mg9ixgdywzrotuuh7tfznamz5trfg/440_550_1/2_panteon_termo_zerkalo__25_05_2026__04_34_24.webp,https://tandoor.ru/upload/resize_cache/iblock/f38/q9ndo9i7pokm7jrh6ys3aalyz3izk14e/440_550_1/1_panteon_termo_zerkalo__25_05_2026__04_34_22.webp","","","тандор Пантеон 000047","","","","","","","Цвет","","0","Размер","960x2050","0","Направление","Правая","0","","","","","","","1"
"variable","тандор Пантеон 000046","Пантеон кварц","1","0","visible","черный кварц / 860x2050 / Левое Входные двери с зеркалом","черный кварц / 860x2050 / Левое Входные двери с зеркалом","","","taxable","","instock","","no","","no","","","","10.0","yes","","","30460.00","по конструкции > с зеркалом","","","https://tandoor.ru/upload/resize_cache/iblock/874/rpdx7rhcvl2e2nc2878k2c1ov7425bj3/440_550_1/2_panteon_zerkalo__25_05_2026__04_34_09.jpg,https://tandoor.ru/upload/resize_cache/iblock/aad/7n4r5rn8v98e9h5vrbavbzohnvifgdks/440_550_1/1_panteon_zerkalo__25_05_2026__04_34_09.jpg,https://tandoor.ru/upload/resize_cache/iblock/874/rpdx7rhcvl2e2nc2878k2c1ov7425bj3/440_550_1/2_panteon_zerkalo__25_05_2026__04_34_09.webp,https://tandoor.ru/upload/resize_cache/iblock/aad/7n4r5rn8v98e9h5vrbavbzohnvifgdks/440_550_1/1_panteon_zerkalo__25_05_2026__04_34_09.webp","","","","","","","","","","pa_цвет","","0","pa_размер","","0","pa_направление","","0","yes","yes","yes","","","",""
"","тандор Пантеон 000048","Пантеон кварц","1","0","visible","черный кварц / 860x2050 / Левое Входные двери с зеркалом","черный кварц / 860x2050 / Левое Входные двери с зеркалом","","","taxable","","instock","","no","","no","","860x2050","","","yes","","","30460.00","по конструкции > с зеркалом","","","https://tandoor.ru/upload/resize_cache/iblock/874/rpdx7rhcvl2e2nc2878k2c1ov7425bj3/440_550_1/2_panteon_zerkalo__25_05_2026__04_34_09.jpg,https://tandoor.ru/upload/resize_cache/iblock/aad/7n4r5rn8v98e9h5vrbavbzohnvifgdks/440_550_1/1_panteon_zerkalo__25_05_2026__04_34_09.jpg,https://tandoor.ru/upload/resize_cache/iblock/874/rpdx7rhcvl2e2nc2878k2c1ov7425bj3/440_550_1/2_panteon_zerkalo__25_05_2026__04_34_09.webp,https://tandoor.ru/upload/resize_cache/iblock/aad/7n4r5rn8v98e9h5vrbavbzohnvifgdks/440_550_1/1_panteon_zerkalo__25_05_2026__04_34_09.webp","","","тандор Пантеон 000046","","","","","","","Цвет","","0","Размер","860x2050","0","Направление","Левая","0","","","","","","","1"
"","тандор Пантеон 000050","Пантеон кварц","1","0","visible","черный кварц / 860x2050 / Левое Входные двери с зеркалом","черный кварц / 860x2050 / Левое Входные двери с зеркалом","","","taxable","","instock","","no","","no","","860x2050","","","yes","","","30460.00","по конструкции > с зеркалом","","","https://tandoor.ru/upload/resize_cache/iblock/874/rpdx7rhcvl2e2nc2878k2c1ov7425bj3/440_550_1/2_panteon_zerkalo__25_05_2026__04_34_09.jpg,https://tandoor.ru/upload/resize_cache/iblock/aad/7n4r5rn8v98e9h5vrbavbzohnvifgdks/440_550_1/1_panteon_zerkalo__25_05_2026__04_34_09.jpg,https://tandoor.ru/upload/resize_cache/iblock/874/rpdx7rhcvl2e2nc2878k2c1ov7425bj3/440_550_1/2_panteon_zerkalo__25_05_2026__04_34_09.webp,https://tandoor.ru/upload/resize_cache/iblock/aad/7n4r5rn8v98e9h5vrbavbzohnvifgdks/440_550_1/1_panteon_zerkalo__25_05_2026__04_34_09.webp","","","тандор Пантеон 000046","","","","","","","Цвет","","0","Размер","860x2050","0","Направление","Правая","0","","","","","","","1"
"","тандор Пантеон 000052","Пантеон кварц","1","0","visible","черный кварц / 860x2050 / Левое Входные двери с зеркалом","черный кварц / 860x2050 / Левое Входные двери с зеркалом","","","taxable","","instock","","no","","no","","960x2050","","","yes","","","30460.00","по конструкции > с зеркалом","","","https://tandoor.ru/upload/resize_cache/iblock/874/rpdx7rhcvl2e2nc2878k2c1ov7425bj3/440_550_1/2_panteon_zerkalo__25_05_2026__04_34_09.jpg,https://tandoor.ru/upload/resize_cache/iblock/aad/7n4r5rn8v98e9h5vrbavbzohnvifgdks/440_550_1/1_panteon_zerkalo__25_05_2026__04_34_09.jpg,https://tandoor.ru/upload/resize_cache/iblock/874/rpdx7rhcvl2e2nc2878k2c1ov7425bj3/440_550_1/2_panteon_zerkalo__25_05_2026__04_34_09.webp,https://tandoor.ru/upload/resize_cache/iblock/aad/7n4r5rn8v98e9h5vrbavbzohnvifgdks/440_550_1/1_panteon_zerkalo__25_05_2026__04_34_09.webp","","","тандор Пантеон 000046","","","","","","","Цвет","","0","Размер","960x2050","0","Направление","Левая","0","","","","","","","1"
"","тандор Пантеон 000054","Пантеон кварц","1","0","visible","черный кварц / 860x2050 / Левое Входные двери с зеркалом","черный кварц / 860x2050 / Левое Входные двери с зеркалом","","","taxable","","instock","","no","","no","","960x2050","","","yes","","","30460.00","по конструкции > с зеркалом","","","https://tandoor.ru/upload/resize_cache/iblock/874/rpdx7rhcvl2e2nc2878k2c1ov7425bj3/440_550_1/2_panteon_zerkalo__25_05_2026__04_34_09.jpg,https://tandoor.ru/upload/resize_cache/iblock/aad/7n4r5rn8v98e9h5vrbavbzohnvifgdks/440_550_1/1_panteon_zerkalo__25_05_2026__04_34_09.jpg,https://tandoor.ru/upload/resize_cache/iblock/874/rpdx7rhcvl2e2nc2878k2c1ov7425bj3/440_550_1/2_panteon_zerkalo__25_05_2026__04_34_09.webp,https://tandoor.ru/upload/resize_cache/iblock/aad/7n4r5rn8v98e9h5vrbavbzohnvifgdks/440_550_1/1_panteon_zerkalo__25_05_2026__04_34_09.webp","","","тандор Пантеон 000046","","","","","","","Цвет","","0","Размер","960x2050","0","Направление","Правая","0","","","","","","","1"
"variable","тандор Входные 000001","Входные двери в Краснодаре","1","0","visible","","","","","taxable","","instock","","no","","no","","","","","yes","","","","Uncategorized","","","https://tandoor.ru/upload/dev2fun_opengraph/846/5eha6jteev0a8sdpa2qp13d98bzwgf21.png","","","","","","","","","","pa_цвет","","0","pa_размер","","0","pa_направление","","0","yes","yes","yes","","","",""
"","тандор Входные 000002","Входные двери в Краснодаре","1","0","visible","","","","","taxable","","instock","","no","","no","","","","","yes","","","","Uncategorized","","","https://tandoor.ru/upload/dev2fun_opengraph/846/5eha6jteev0a8sdpa2qp13d98bzwgf21.png","","","тандор Входные 000001","","","","","","","Цвет","","0","Размер","","0","Направление","","0","","","","","","","1"
